Date,Name,Year,Letterboxd URI,Rating
2024-05-18,X,2022,https://boxd.it/sxVa,0.5
2024-05-18,Baby Reindeer,2024,https://boxd.it/MwSa,4
2024-05-18,Dune: Part Two,2024,https://boxd.it/pUfA,4
2024-05-18,Poor Things,2023,https://boxd.it/tNWU,2.5
2024-05-18,Barbie,2023,https://boxd.it/bCLK,2
2024-05-18,Black Mirror: Joan Is Awful,2023,https://boxd.it/GWmi,1.5
2024-05-18,Thor: Love and Thunder,2022,https://boxd.it/mMAY,1
2024-05-18,Lightyear,2022,https://boxd.it/qV1G,2.5
2024-05-18,Hustle,2022,https://boxd.it/qpig,3
2024-05-18,Turning Red,2022,https://boxd.it/ipkq,2.5
2024-05-18,Once Upon a Studio,2023,https://boxd.it/H2gg,4.5
2024-05-18,Encanto,2021,https://boxd.it/kPRu,2.5
2024-05-18,Dune,2021,https://boxd.it/fA7G,2
2024-05-18,Luca,2021,https://boxd.it/ipjC,3
2024-05-18,Soul,2020,https://boxd.it/ioLA,4.5
2024-05-18,The Trial of the Chicago 7,2020,https://boxd.it/kn3w,3
2024-05-18,Eurovision Song Contest: The Story of Fire Saga,2020,https://boxd.it/jkMG,0.5
2024-05-18,Uncut Gems,2019,https://boxd.it/gXGc,3.5
2024-05-18,It Chapter Two,2019,https://boxd.it/h10u,2
2024-05-18,Toy Story 4,2019,https://boxd.it/9ALu,2.5
2024-05-18,Once Upon a Time... in Hollywood,2019,https://boxd.it/gH0O,1.5
2024-05-18,Avengers: Endgame,2019,https://boxd.it/9vE4,3
2024-05-18,Black Mirror: Bandersnatch,2018,https://boxd.it/kTDG,1.5
2024-05-18,Incredibles 2,2018,https://boxd.it/7IPg,1
2024-05-18,Avengers: Infinity War,2018,https://boxd.it/9vEe,4
2024-05-18,Daddy's Home 2,2017,https://boxd.it/ePpI,2
2024-05-18,Coco,2017,https://boxd.it/bYJQ,3.5
2024-05-18,Pirates of the Caribbean: Dead Men Tell No Tales,2017,https://boxd.it/5a9m,2.5
2024-05-18,Wonder Woman,2017,https://boxd.it/9roG,1
2024-05-18,The Boss Baby,2017,https://boxd.it/9mfO,2
2024-05-18,Get Out,2017,https://boxd.it/eOCm,5
2024-05-18,Doctor Strange,2016,https://boxd.it/8MH8,3
2024-05-18,Moana,2016,https://boxd.it/8tfY,3
2024-05-18,Split,2016,https://boxd.it/dgSy,4.5
2024-05-18,Snowden,2016,https://boxd.it/9CWO,3
2024-05-18,Finding Dory,2016,https://boxd.it/4aAA,3.5
2024-05-18,The Angry Birds Movie,2016,https://boxd.it/4PBu,1.5
2024-05-18,Sausage Party,2016,https://boxd.it/6CCe,2
2024-05-18,Zootopia,2016,https://boxd.it/84xS,3
2024-05-18,Star Wars: The Force Awakens,2015,https://boxd.it/4vru,2.5
2024-05-18,Daddy's Home,2015,https://boxd.it/8jSc,3.5
2024-05-18,Hotel Transylvania 2,2015,https://boxd.it/4ZLk,1.5
2024-05-18,Straight Outta Compton,2015,https://boxd.it/8rMc,4
2024-05-18,Pixels,2015,https://boxd.it/7BaA,1
2024-05-18,Inside Out,2015,https://boxd.it/4KHC,4
2024-05-18,Kingsman: The Secret Service,2014,https://boxd.it/6dxe,2
2024-05-18,The Interview,2014,https://boxd.it/6KQ4,2.5
2024-05-18,Big Hero 6,2014,https://boxd.it/5rje,3.5
2024-05-18,The Cobbler,2014,https://boxd.it/70XA,0.5
2024-05-18,Guardians of the Galaxy,2014,https://boxd.it/3VH2,3.5
2024-05-18,22 Jump Street,2014,https://boxd.it/5Fvy,4
2024-05-18,Muppets Most Wanted,2014,https://boxd.it/4Cti,1
2024-05-18,Scooby-Doo! WrestleMania Mystery,2014,https://boxd.it/7EPw,2
2024-05-18,The Lego Movie,2014,https://boxd.it/4pDO,3
2024-05-18,Anchorman 2: The Legend Continues,2013,https://boxd.it/3GNk,3.5
2024-05-18,The Wolf of Wall Street,2013,https://boxd.it/3C1m,4
2024-05-18,Captain Phillips,2013,https://boxd.it/3GPK,5
2024-05-18,Planes,2013,https://boxd.it/4Na2,0.5
2024-05-18,Grown Ups 2,2013,https://boxd.it/3GAq,2.5
2024-05-18,The Lone Ranger,2013,https://boxd.it/ngU,4.5
2024-05-18,The Internship,2013,https://boxd.it/3SWS,3.5
2024-05-18,Monsters University,2013,https://boxd.it/bQm,4
2024-05-18,This Is the End,2013,https://boxd.it/3GB4,3
2024-05-18,Now You See Me,2013,https://boxd.it/2Bsu,4
2024-05-18,The Hangover Part III,2013,https://boxd.it/3GNY,3
2024-05-18,The Great Gatsby,2013,https://boxd.it/JY,3.5
2024-05-18,Oz the Great and Powerful,2013,https://boxd.it/2cAI,1
2024-05-18,Django Unchained,2012,https://boxd.it/2cCk,5
2024-05-18,Wreck-It Ralph,2012,https://boxd.it/2TTS,3
2024-05-18,Hotel Transylvania,2012,https://boxd.it/2DF6,3.5
2024-05-18,The Campaign,2012,https://boxd.it/2Hz2,3.5
2024-05-18,The Dark Knight Rises,2012,https://boxd.it/H3m,4.5
2024-05-18,Brave,2012,https://boxd.it/bVG,2.5
2024-05-18,That's My Boy,2012,https://boxd.it/35IW,3.5
2024-05-18,Men in Black 3,2012,https://boxd.it/103U,2
2024-05-18,21 Jump Street,2012,https://boxd.it/J0,4.5
2024-05-18,Jack and Jill,2011,https://boxd.it/2pQu,3
2024-05-18,The Muppets,2011,https://boxd.it/1zg,2
2024-05-18,Puss in Boots,2011,https://boxd.it/eL34,3
2024-05-18,Puss in Boots: The Last Wish,2022,https://boxd.it/aaie,4
2024-05-18,Shrek the Third,2007,https://boxd.it/29yY,1.5
2024-05-18,Shrek 2,2004,https://boxd.it/29z8,4.5
2024-05-18,Uncharted,2022,https://boxd.it/b5Dy,1.5
2024-05-18,Shrek Forever After,2010,https://boxd.it/1WRo,4
2024-05-18,Spy Kids,2001,https://boxd.it/1Xcw,3.5
2024-05-18,Spy Kids 3-D: Game Over,2003,https://boxd.it/1S7w,3.5
2024-05-18,Far Far Away Idol,2004,https://boxd.it/ke2,4
2024-07-05,Seven Years in Tibet,1997,https://boxd.it/29aC,4
2024-09-02,Inside Out 2,2024,https://boxd.it/CFrC,3
2024-09-03,The Iron Claw,2023,https://boxd.it/w5Pm,3.5
2024-09-03,FRED: The Movie,2010,https://boxd.it/OAi,1
2024-09-03,Megamind,2010,https://boxd.it/16Sk,3.5
2024-09-03,Due Date,2010,https://boxd.it/YFs,3
2024-09-03,Tangled,2010,https://boxd.it/15gO,3
2024-09-03,Gnomeo & Juliet,2011,https://boxd.it/OKi,1.5
2024-09-03,Paul,2011,https://boxd.it/13uE,4
2024-09-03,Pirates of the Caribbean: On Stranger Tides,2011,https://boxd.it/27Z4,4.5
2024-09-03,The Hangover Part II,2011,https://boxd.it/PZI,3.5
2024-09-03,Cars 2,2011,https://boxd.it/H4Y,2
2024-09-03,Zookeeper,2011,https://boxd.it/16gq,1
2024-09-03,Moneyball,2011,https://boxd.it/glS,3
2024-09-03,Inception,2010,https://boxd.it/1skk,3.5
2024-09-03,Grown Ups,2010,https://boxd.it/169a,4
2024-09-03,Toy Story 3,2010,https://boxd.it/1WRe,3.5
2024-09-03,Prince of Persia: The Sands of Time,2010,https://boxd.it/1YpQ,1.5
2024-09-03,How to Train Your Dragon,2010,https://boxd.it/1WRy,2
2024-09-03,Alice in Wonderland,2010,https://boxd.it/1Spq,4.5
2024-09-03,Shutter Island,2010,https://boxd.it/1U82,4
2024-09-03,Sherlock Holmes,2009,https://boxd.it/1W2A,3.5
2024-09-03,The Princess and the Frog,2009,https://boxd.it/1WQq,3.5
2024-09-03,A Christmas Carol,2009,https://boxd.it/1HKW,4.5
2024-09-03,You Don't Mess with the Zohan,2008,https://boxd.it/1VHs,3.5
2024-09-03,Spider-Man,2002,https://boxd.it/2a8i,4.5
2024-09-03,Spider-Man: Into the Spider-Verse,2018,https://boxd.it/azpY,4
2024-09-03,Spider-Man: Across the Spider-Verse,2023,https://boxd.it/kSz4,4
2024-09-03,Spider-Man: No Way Home,2021,https://boxd.it/nwRw,3
2024-09-03,Spider-Man: Far From Home,2019,https://boxd.it/fegG,2.5
2024-09-03,Spider-Man 2,2004,https://boxd.it/2a88,2.5
2024-09-03,The Amazing Spider-Man,2012,https://boxd.it/27PI,1.5
2024-09-03,Spider-Man 3,2007,https://boxd.it/2a7Y,4.5
2024-09-03,The Amazing Spider-Man 2,2014,https://boxd.it/3utM,0.5
2024-09-03,It Ends with Us,2024,https://boxd.it/ENjg,2
2024-09-03,The Shawshank Redemption,1994,https://boxd.it/2aHi,4
2024-09-03,The Godfather,1972,https://boxd.it/2aNK,4
2024-09-03,The Godfather Part II,1974,https://boxd.it/2aNq,4
2024-09-03,The Godfather Part III,1990,https://boxd.it/2aN6,3.5
2024-09-03,Paprika,2006,https://boxd.it/23wW,5
2024-09-03,12 Years a Slave,2013,https://boxd.it/2D2e,5
2024-09-04,Fargo,1996,https://boxd.it/2aHM,4
2024-09-04,Toy Story,1995,https://boxd.it/29qA,5
2024-09-23,Scott Pilgrim vs. the World,2010,https://boxd.it/1Aq6,4
2024-09-28,Parasite,2019,https://boxd.it/hTha,5
2024-09-30,The Last King of Scotland,2006,https://boxd.it/28FE,5
2024-10-13,Chicken Run: Dawn of the Nugget,2023,https://boxd.it/iTww,4
2024-10-21,The Mummy,2017,https://boxd.it/8HnW,2.5
2024-10-21,Shaun of the Dead,2004,https://boxd.it/29J8,3.5
2024-10-29,Longlegs,2024,https://boxd.it/KzLM,2.5
2024-11-04,Incantation,2022,https://boxd.it/wFiI,2
2024-11-04,Spirited Away,2001,https://boxd.it/2b4m,5
2024-11-04,Howl's Moving Castle,2004,https://boxd.it/23De,5
2024-11-04,The Boy and the Heron,2023,https://boxd.it/ipeM,4
2024-11-04,My Neighbor Totoro,1988,https://boxd.it/20eA,3.5
2024-11-04,Princess Mononoke,1997,https://boxd.it/2b4w,5
2024-11-04,Kiki's Delivery Service,1989,https://boxd.it/1JAY,2.5
2024-11-04,Porco Rosso,1992,https://boxd.it/1Tp2,4
2024-11-04,The Castle of Cagliostro,1979,https://boxd.it/1Mn4,4.5
2024-11-04,Ponyo,2008,https://boxd.it/1S0A,4.5
2024-11-05,The Invention of Lying,2009,https://boxd.it/1zGs,2.5
2024-12-10,Akira,1988,https://boxd.it/2b1i,4.5
2024-12-22,Superbad,2007,https://boxd.it/20hO,4.5
2024-12-29,Carry-On,2024,https://boxd.it/C0B2,2.5
2025-01-10,The Room,2003,https://boxd.it/1ICY,0.5
2025-01-23,Juror #2,2024,https://boxd.it/FRwU,3
2025-02-05,Mary and Max,2009,https://boxd.it/1y2m,5
2025-02-14,Memoir of a Snail,2024,https://boxd.it/EgX8,4
2025-03-16,GoodFellas,1990,https://boxd.it/29FA,3
2025-04-12,Hunger,2023,https://boxd.it/ExzM,2.5
2025-04-22,A Clockwork Orange,1971,https://boxd.it/2aVE,4
2025-05-02,Inglourious Basterds,2009,https://boxd.it/1JzG,5
2025-05-02,Sinners,2025,https://boxd.it/KQMM,4
2025-06-10,Memories of Murder,2003,https://boxd.it/1TSo,4
2025-06-22,Coach Carter,2005,https://boxd.it/218e,3.5
2025-07-05,28 Years Later,2025,https://boxd.it/FEGM,3.5
2025-07-12,No Country for Old Men,2007,https://boxd.it/21ew,4.5
2025-07-13,Jojo Rabbit,2019,https://boxd.it/iEBG,5
2025-07-14,The Breadwinner,2017,https://boxd.it/frLs,4
2025-07-15,War Dogs,2016,https://boxd.it/9SlO,3.5
2025-08-15,Weapons,2025,https://boxd.it/EMTM,4.5
2025-08-29,Ready or Not,2019,https://boxd.it/kOf0,2.5
2025-09-07,Lilo & Stitch,2025,https://boxd.it/kbUe,3.5
2025-09-27,Apocalypto,2006,https://boxd.it/28yy,4
2025-09-27,Barbarian,2022,https://boxd.it/yohi,4
2025-09-27,Everything Everywhere All at Once,2022,https://boxd.it/jUk4,2.5
2025-09-27,The Truman Show,1998,https://boxd.it/18U8,4
2025-09-27,Fight Club,1999,https://boxd.it/2a9q,2.5
2025-09-27,The Batman,2022,https://boxd.it/eDGs,1.5
2025-09-27,The Grand Budapest Hotel,2014,https://boxd.it/3ZqO,3
2025-09-27,Ratatouille,2007,https://boxd.it/27ww,5
2025-09-27,One Hundred and One Dalmatians,1961,https://boxd.it/1SeC,5
2025-09-28,White Chicks,2004,https://boxd.it/1SpK,3.5
2025-09-28,Pirates of the Caribbean: The Curse of the Black Pearl,2003,https://boxd.it/70G,5
2025-09-28,The Hangover,2009,https://boxd.it/1GjK,3.5
2025-09-28,The Social Network,2010,https://boxd.it/17ue,3.5
2025-09-28,Absolutely Anything,2015,https://boxd.it/34Ry,2.5
2025-10-01,The Terminal,2004,https://boxd.it/2a2O,3
2025-10-01,The Road to El Dorado,2000,https://boxd.it/1W6s,3.5
2025-10-11,Roofman,2025,https://boxd.it/LcIW,4
2025-10-14,Black Swan,2010,https://boxd.it/Sw0,5
2025-10-16,The Departed,2006,https://boxd.it/28MA,3.5
2025-10-17,There Will Be Blood,2007,https://boxd.it/20Z2,4
2025-10-17,Coraline,2009,https://boxd.it/1NhQ,5
2025-10-17,The Dark Knight,2008,https://boxd.it/2b0k,5
2025-10-17,Kill Bill: Vol. 1,2003,https://boxd.it/70w,3
2025-10-18,Eyes Wide Shut,1999,https://boxd.it/2axs,3
2025-11-02,Batman: Under the Red Hood,2010,https://boxd.it/11eE,3
2025-11-02,The Long Walk,2025,https://boxd.it/mic8,3
2025-11-02,Justice League: Doom,2012,https://boxd.it/2DVe,2
2025-11-02,Perfect Blue,1997,https://boxd.it/1W7A,4
2025-11-04,Argo,2012,https://boxd.it/2czU,4
2025-11-05,The Prestige,2006,https://boxd.it/293w,5
2025-11-08,The Sorcerer's Apprentice,2010,https://boxd.it/1sGg,3
2025-11-08,Dream Scenario,2023,https://boxd.it/v2h0,3.5
2025-11-08,American Psycho,2000,https://boxd.it/28Vs,3
2025-11-09,Nuremberg,2025,https://boxd.it/K6qU,3
2025-11-13,Requiem for a Dream,2000,https://boxd.it/29VI,3.5
2025-12-12,Oldboy,2003,https://boxd.it/29R2,5
2025-12-13,Sister Act,1992,https://boxd.it/27EA,3.5
2026-01-12,Trap,2024,https://boxd.it/D4nK,1.5
2026-01-12,Dead to Rights,2025,https://boxd.it/VMbO,3
2026-01-24,Tetris,2023,https://boxd.it/rePK,2.5
2026-01-28,KPop Demon Hunters,2025,https://boxd.it/ufwK,2.5
2026-02-01,Fall,2022,https://boxd.it/Bf6G,2
2026-02-07,28 Years Later: The Bone Temple,2026,https://boxd.it/MwlA,4
2026-02-08,Zootopia 2,2025,https://boxd.it/F0vO,2
2026-02-16,No Other Choice,2025,https://boxd.it/nKiA,4.5
2026-02-21,Scream,1996,https://boxd.it/24EC,2.5
2026-02-21,Scream 2,1997,https://boxd.it/24Es,2
2026-02-21,Wallace & Gromit: The Curse of the Were-Rabbit,2005,https://boxd.it/2ac0,5
2026-02-27,Scream 3,2000,https://boxd.it/24Ei,1
2026-02-27,Scream 4,2011,https://boxd.it/Zmc,2
2026-03-05,I Am Legend,2007,https://boxd.it/21DG,4
2026-03-06,The Sixth Sense,1999,https://boxd.it/29Js,4.5
2026-03-07,Marty Supreme,2025,https://boxd.it/Off0,4
2026-03-14,Scream,2022,https://boxd.it/o0lg,3
2026-03-15,Bridge to Terabithia,2007,https://boxd.it/28YG,5
2026-03-21,One Battle After Another,2025,https://boxd.it/DUHM,2
2026-03-21,Nope,2022,https://boxd.it/sDCe,1.5
2026-03-28,The Green Mile,1999,https://boxd.it/2agG,4
2026-03-31,Space Jam: A New Legacy,2021,https://boxd.it/dd9A,1.5
2026-03-31,Space Jam,1996,https://boxd.it/26YO,4
2026-04-02,Us,2019,https://boxd.it/gnV6,4
2026-04-07,Bugonia,2025,https://boxd.it/qeWY,3
2026-04-09,Hoppers,2026,https://boxd.it/OFpg,3.5
2026-04-09,Candyman,2021,https://boxd.it/kHFg,2
2026-04-18,Project Hail Mary,2026,https://boxd.it/pEeQ,4.5
2026-04-21,The Notebook,2004,https://boxd.it/1UNE,5
2026-04-25,Flow,2024,https://boxd.it/v1Ei,2
